City_ID,City,Country,Lat,Lng,Max Temp,Humidity,Cloudiness,Wind Speed,Current Description
0,Pringsewu,ID,-5.3582,104.9744,74.12,93,100,0.89,overcast clouds
1,Broken Hill,AU,-31.95,141.4333,80.01,28,72,14.7,broken clouds
2,Hilo,US,19.7297,-155.09,71.11,82,20,6.91,few clouds
3,Tuktoyaktuk,CA,69.4541,-133.0374,-34.6,67,40,5.75,scattered clouds
4,Esperance,AU,-33.8667,121.9,62.02,72,0,12.08,clear sky
5,Kaitangata,NZ,-46.2817,169.8464,49.93,89,31,3.18,scattered clouds
6,Baykalsk,RU,51.5058,104.1469,-6.02,100,100,0.54,overcast clouds
7,Svetlogorsk,BY,52.6333,29.7333,28.8,77,52,10.83,broken clouds
8,San Pedro,PH,14.35,121.0167,79.36,92,75,5.75,broken clouds
9,Torbay,CA,47.6666,-52.7314,45.37,69,100,18.41,overcast clouds
10,Mataura,NZ,-46.1927,168.8643,41.49,99,29,2.39,scattered clouds
11,Tete,MZ,-16.1564,33.5867,80.69,74,20,3.44,thunderstorm
12,Chicama,PE,-7.8447,-79.1469,70.34,51,94,11.74,overcast clouds
13,Albany,US,42.6001,-73.9662,26.55,58,100,1.99,overcast clouds
14,Lagunas,PE,-5.2269,-75.6753,83.77,66,99,3.2,moderate rain
15,Ahuimanu,US,21.4447,-157.8378,74.46,81,20,9.22,few clouds
16,Alofi,NU,-19.0595,-169.9187,75.09,94,100,2.3,overcast clouds
17,Ndele,CF,8.4109,20.6473,82.62,14,85,5.32,overcast clouds
18,Atuona,PF,-9.8,-139.0333,77.58,78,50,15.26,light rain
19,Dikson,RU,73.5069,80.5464,-3.51,87,100,26.04,overcast clouds
20,Hermanus,ZA,-34.4187,19.2345,72.9,81,4,15.48,clear sky
21,Porto Novo,BJ,6.4965,2.6036,84.02,67,60,9.8,broken clouds
22,Cape Town,ZA,-33.9258,18.4232,73.11,78,20,20.71,few clouds
23,Praya,CV,14.9215,-23.5087,77.54,61,0,18.41,clear sky
24,Punta Arenas,CL,-53.15,-70.9167,51.91,50,20,46.04,few clouds
25,Yertsevo,RU,60.7966,40.086,17.98,96,68,7.23,broken clouds
26,Georgetown,MY,5.4112,100.3354,80.89,87,40,8.05,scattered clouds
27,Fairbanks,US,64.8378,-147.7164,11.23,80,100,0.0,light snow
28,Cherskiy,RU,68.75,161.3,-19.32,98,100,7.96,overcast clouds
29,Yellowknife,CA,62.456,-114.3525,-17.59,73,75,3.0,broken clouds
30,Salalah,OM,17.0151,54.0924,75.29,69,0,2.3,clear sky
31,Kapaa,US,22.0752,-159.319,71.92,84,40,13.8,moderate rain
32,Sitka,US,57.0531,-135.33,35.49,87,100,0.0,overcast clouds
33,Hazorasp,UZ,41.3194,61.0742,46.24,52,62,9.8,broken clouds
34,Sao Filipe,CV,14.8961,-24.4956,76.64,56,39,14.45,scattered clouds
35,Vila Franca Do Campo,PT,37.7167,-25.4333,63.19,66,60,6.93,broken clouds
36,Linguere,SN,15.3953,-15.1193,88.36,11,40,13.89,scattered clouds
37,Kodiak,US,57.79,-152.4072,26.11,93,0,6.91,clear sky
38,Castro,BR,-24.7911,-50.0119,81.64,48,6,4.94,clear sky
39,Rikitea,PF,-23.1203,-134.9692,78.33,72,10,13.44,light rain
40,Hobart,AU,-42.8794,147.3294,62.46,81,75,17.27,broken clouds
41,Haines Junction,CA,60.7522,-137.5108,8.55,85,100,1.14,overcast clouds
42,Qaanaaq,GL,77.484,-69.3632,-7.38,94,100,2.28,overcast clouds
43,Lagoa,PT,39.05,-27.9833,56.66,63,79,7.65,broken clouds
44,Carbonia,IT,39.1672,8.5222,54.0,85,17,2.06,few clouds
45,San Patricio,US,28.017,-97.5169,59.72,23,0,7.61,clear sky
46,Saint-Philippe,RE,-21.3585,55.7679,80.19,87,36,9.37,scattered clouds
47,Husavik,IS,66.0449,-17.3389,-2.29,80,15,13.62,few clouds
48,Vaini,TO,-21.2,-175.2,78.96,89,40,5.75,scattered clouds
49,Sur,OM,22.5667,59.5289,72.61,68,0,1.61,clear sky
50,Butaritari,KI,3.0707,172.7902,82.13,73,95,12.53,overcast clouds
51,Jamestown,US,42.097,-79.2353,22.64,31,100,9.22,overcast clouds
52,Kangaba,ML,11.9333,-8.4167,88.95,9,4,4.09,clear sky
53,Chokurdakh,RU,70.6333,147.9167,-3.59,97,100,10.51,overcast clouds
54,Katsuura,JP,35.1333,140.3,38.1,98,100,31.07,light rain
55,Half Moon Bay,US,37.4636,-122.4286,70.92,67,20,3.44,few clouds
56,Ushuaia,AR,-54.8,-68.3,39.29,95,80,31.81,moderate rain
57,Mahebourg,MU,-20.4081,57.7,81.25,83,40,10.36,scattered clouds
58,Cabo San Lucas,MX,22.8909,-109.9124,83.61,45,75,5.01,broken clouds
59,Ribeira Grande,PT,38.5167,-28.7,63.0,59,75,6.91,broken clouds
60,Port Alfred,ZA,-33.5906,26.891,73.04,85,86,7.38,overcast clouds
61,Flin Flon,CA,54.7682,-101.865,3.04,72,75,5.75,broken clouds
62,Busselton,AU,-33.65,115.3333,64.04,71,5,12.5,clear sky
63,Szczecinek,PL,53.7079,16.6994,34.61,72,85,10.04,overcast clouds
64,Fortuna,US,40.5982,-124.1573,44.94,58,75,2.1,broken clouds
65,Baherden,TM,38.4362,57.4316,48.27,55,10,10.11,clear sky
66,Asau,RO,46.4333,26.4,32.76,79,100,3.44,overcast clouds
67,Thompson,CA,55.7435,-97.8558,-7.44,71,100,6.91,overcast clouds
68,Tacuarembo,UY,-31.7333,-55.9833,79.43,19,0,12.64,clear sky
69,Sampit,ID,-2.5333,112.95,74.68,96,99,1.52,overcast clouds
70,Shush,IR,32.1942,48.2436,61.18,43,0,6.76,clear sky
71,Flinders,AU,-34.5833,150.8552,66.38,80,97,5.01,overcast clouds
72,Sembakung,ID,3.8167,117.25,76.93,99,78,2.04,broken clouds
73,Pestovo,RU,58.5938,35.8024,28.49,89,100,10.63,overcast clouds
74,Jiayuguan,CN,39.8167,98.3,26.33,50,100,5.57,overcast clouds
75,Lithakia,GR,37.7167,20.8333,56.59,76,40,0.0,scattered clouds
76,Tasiilaq,GL,65.6145,-37.6368,10.56,70,100,7.67,overcast clouds
77,Itupiranga,BR,-5.1347,-49.3267,84.52,89,100,4.21,overcast clouds
78,Bireun,ID,5.203,96.7009,77.72,81,81,3.36,moderate rain
79,Nizhniy Tsasuchey,RU,50.5167,115.1333,-20.7,99,19,4.05,few clouds
80,East London,ZA,-33.0153,27.9116,72.54,94,75,8.05,broken clouds
81,Eyemouth,GB,55.8713,-2.0901,44.82,94,100,8.19,overcast clouds
82,Kruisfontein,ZA,-34.0033,24.7314,66.69,87,58,7.96,broken clouds
83,Sorland,NO,67.667,12.6934,32.07,57,100,26.64,overcast clouds
84,Bull Savanna,JM,17.8868,-77.5902,83.1,53,4,14.34,clear sky
85,Port Lincoln,AU,-34.7333,135.8667,65.68,88,42,11.81,scattered clouds
86,Vershino-Darasunskiy,RU,52.35,115.5167,-21.57,99,88,3.6,overcast clouds
87,Male,MV,4.1748,73.5089,80.91,78,100,14.74,overcast clouds
88,Bengkulu,ID,-3.8004,102.2655,77.13,89,100,4.81,overcast clouds
89,Mogadishu,SO,2.0371,45.3438,77.72,79,100,16.49,overcast clouds
90,Port Blair,IN,11.6667,92.75,75.24,78,20,4.61,mist
91,Ahipara,NZ,-35.1667,173.1667,63.5,64,27,8.63,scattered clouds
92,Hasaki,JP,35.7333,140.8333,34.29,95,100,33.13,snow
93,Leningradskiy,RU,69.3833,178.4167,-17.66,94,95,5.79,overcast clouds
94,Mar Del Plata,AR,-38.0023,-57.5575,69.82,61,0,14.97,clear sky
95,Arraial Do Cabo,BR,-22.9661,-42.0278,82.36,74,40,13.8,scattered clouds
96,Sarai,RU,53.7458,41.0213,18.45,95,88,8.3,overcast clouds
97,Iqaluit,CA,63.7506,-68.5145,-18.67,76,75,2.3,broken clouds
98,Iisalmi,FI,63.5592,27.1907,32.02,97,100,10.18,light snow
99,Drumheller,CA,51.4617,-112.7101,43.52,56,54,1.14,broken clouds
100,Ponta Do Sol,PT,32.6667,-17.1,66.13,66,74,3.58,broken clouds
101,Dongning,CN,44.0622,131.1207,-6.88,98,72,3.6,broken clouds
102,Evensk,RU,61.95,159.2333,-5.73,73,49,9.4,scattered clouds
103,Taguatinga,BR,-12.3857,-46.5711,79.93,74,85,3.83,overcast clouds
104,Severo-Kurilsk,RU,50.6789,156.125,21.6,71,20,8.61,few clouds
105,Vlcnov,CZ,49.5787,17.9546,34.93,53,0,9.22,clear sky
106,Cayenne,GF,4.9333,-52.3333,84.24,82,75,14.97,broken clouds
107,Bluff,NZ,-46.6,168.3333,41.81,87,11,3.78,few clouds
108,Port Perry,CA,44.1068,-78.9444,14.18,75,50,6.06,scattered clouds
109,Taksimo,RU,56.3444,114.8794,-25.38,92,27,1.81,scattered clouds
110,Chuy,UY,-33.6971,-53.4616,73.81,37,2,14.2,clear sky
111,Saskylakh,RU,71.9167,114.0833,-15.48,84,50,3.56,scattered clouds
112,Akyab,MM,20.15,92.9,65.82,60,88,8.05,overcast clouds
113,Puerto Baquerizo Moreno,EC,-0.9,-89.6,81.59,74,75,11.5,broken clouds
114,Nikolskoye,RU,59.7035,30.7861,33.87,93,100,13.0,light snow
115,Lavrentiya,RU,65.5833,-171.0,-20.7,92,21,3.51,few clouds
116,Klaksvik,FO,62.2266,-6.589,34.72,69,100,31.05,overcast clouds
117,Victoria,HK,22.2855,114.1577,60.94,91,100,8.25,light rain
118,Zharkovskiy,RU,55.849,32.2697,24.78,82,86,11.5,light snow
119,Kibala,TD,9.1104,18.3463,87.75,19,0,0.0,clear sky
120,Oussouye,SN,12.485,-16.5469,93.38,15,9,6.04,clear sky
121,Arenapolis,BR,-14.4503,-56.8461,80.17,86,99,1.83,light rain
122,Hoghiz,RO,45.9833,25.3,33.64,83,100,2.55,overcast clouds
123,High Rock,BS,26.6208,-78.2833,71.62,79,97,18.45,heavy intensity rain
124,Marienburg,PL,54.0359,19.0266,37.06,70,68,13.58,broken clouds
125,Buluang,PH,13.3068,123.3425,75.04,92,92,3.38,overcast clouds
126,Velingrad,BG,42.0272,23.9957,39.94,96,100,0.69,overcast clouds
127,Bilibino,RU,68.0546,166.4372,-32.3,100,94,2.53,overcast clouds
128,Kilindoni,TZ,-7.9139,39.6668,80.46,79,87,11.54,overcast clouds
129,Coria,ES,39.9879,-6.5377,51.46,92,100,4.18,overcast clouds
130,Shingu,JP,33.7333,135.9833,45.91,88,100,4.09,light rain
131,Nelson Bay,AU,-32.7167,152.15,65.68,72,55,9.28,broken clouds
132,Amos,CA,48.5669,-78.1162,2.17,72,99,1.77,overcast clouds
133,Luorong,CN,24.4058,109.6086,42.82,90,29,4.83,scattered clouds
134,Bontang,ID,0.1333,117.5,78.84,81,100,3.8,overcast clouds
135,Zhigansk,RU,66.7697,123.3711,-36.09,100,91,2.13,overcast clouds
136,Noumea,NC,-22.2763,166.4572,80.01,99,97,5.19,overcast clouds
137,Portland,US,45.5234,-122.6762,55.11,54,20,3.0,few clouds
138,Ambon,ID,-3.6954,128.1814,77.14,94,40,2.3,scattered clouds
139,Teya,RU,60.3778,92.6267,-13.47,98,38,3.51,scattered clouds
140,Longyearbyen,SJ,78.2186,15.6401,13.84,85,75,3.44,light snow
141,Pavlodolskaya,RU,43.7192,44.4781,36.18,55,19,4.21,few clouds
142,Mbuji-Mayi,CD,-6.15,23.6,70.12,97,100,5.14,light rain
143,Hagdan,PH,11.3333,123.9,78.78,83,89,13.02,overcast clouds
144,Inhambane,MZ,-23.865,35.3833,78.78,89,20,4.61,few clouds
145,Bredasdorp,ZA,-34.5322,20.0403,70.29,78,22,12.66,light rain
146,Namibe,AO,-15.1961,12.1522,76.44,77,95,6.98,overcast clouds
147,Aklavik,CA,68.2191,-135.0107,-26.57,68,75,3.44,broken clouds
148,Kachiry,KZ,53.0675,76.1036,6.24,93,88,13.29,overcast clouds
149,Isangel,VU,-19.55,169.2667,78.91,94,75,4.61,broken clouds
150,Guerrero Negro,MX,27.9769,-114.0611,75.07,28,35,3.67,scattered clouds
151,Avarua,CK,-21.2078,-159.775,77.05,94,98,1.14,overcast clouds
152,Alice Springs,AU,-23.7,133.8833,63.95,68,0,5.75,clear sky
153,Tiksi,RU,71.6872,128.8694,-13.88,94,86,11.52,overcast clouds
154,Arlit,NE,18.7369,7.3853,75.67,9,0,6.85,clear sky
155,Coahuayana,MX,18.7333,-103.6833,90.88,25,91,5.46,overcast clouds
156,Uyemskiy,RU,64.4743,40.8524,1.45,91,0,2.24,clear sky
157,Marshfield,US,44.6689,-90.1718,11.55,51,0,5.75,clear sky
158,Nouadhibou,MR,20.931,-17.0347,67.98,73,63,18.41,broken clouds
159,Maldonado,UY,-34.6667,-54.9167,69.19,47,5,18.32,clear sky
160,Labuhan,ID,-6.8844,112.2051,76.91,88,100,2.75,overcast clouds
161,Tukrah,LY,32.5341,20.5791,54.81,74,2,3.06,clear sky
162,Port-Cartier,CA,50.0334,-66.8654,2.75,65,20,6.35,few clouds
163,Tabou,CI,4.423,-7.3528,80.89,76,45,7.67,scattered clouds
164,Tatawin,TN,32.9297,10.4518,59.88,64,71,10.98,broken clouds
165,Airai,TL,-8.9266,125.4092,58.98,92,85,2.01,overcast clouds
166,Ponta Delgada,PT,37.7333,-25.6667,63.5,67,40,12.66,scattered clouds
167,Provideniya,RU,64.3833,-173.3,-13.5,94,17,3.49,few clouds
168,Sangueya,GN,10.7,-14.3667,87.4,39,1,10.92,clear sky
169,Grigoropolisskaya,RU,45.2972,41.0567,33.1,71,4,6.51,clear sky
170,Aginskoye,RU,51.1,114.53,-15.07,99,92,4.14,overcast clouds
171,Puerto Ayora,EC,-0.7393,-90.3518,82.36,85,100,5.99,overcast clouds
172,Shu,KZ,43.5983,73.7614,29.44,88,100,1.5,overcast clouds
173,Furano,JP,43.2818,142.4743,5.56,97,96,3.83,overcast clouds
174,Winneba,GH,5.3511,-0.6231,84.67,77,29,13.06,light rain
175,Nome,US,64.5011,-165.4064,-12.93,64,0,0.0,clear sky
176,Nanortalik,GL,60.1432,-45.2371,29.61,80,100,9.33,overcast clouds
177,Newport,GB,51.5877,-2.9984,52.86,92,100,3.0,overcast clouds
178,Clyde River,CA,70.4692,-68.5914,-23.57,69,0,11.5,clear sky
179,Teguldet,RU,57.3064,88.1667,0.37,92,24,9.24,few clouds
180,Lata,PT,40.1629,-8.3327,54.07,96,100,8.28,overcast clouds
181,Faanui,PF,-16.4833,-151.75,81.09,74,100,14.9,overcast clouds
182,Lebu,CL,-37.6167,-73.65,66.47,70,98,12.55,overcast clouds
183,Luderitz,NA,-26.6481,15.1594,74.86,63,4,14.41,clear sky
184,Tono,JP,39.3167,141.5333,23.32,89,100,2.3,overcast clouds
185,Kismayo,SO,-0.3582,42.5454,77.61,81,73,14.83,broken clouds
186,Comarapa,BO,-17.9,-64.4833,65.28,69,99,3.15,overcast clouds
187,Bethel,US,41.3712,-73.414,32.2,77,100,8.05,snow
188,Blagoveshchenka,RU,52.8333,79.8667,25.48,94,99,18.37,light snow
189,New Norfolk,AU,-42.7826,147.0587,62.1,62,93,1.43,overcast clouds
190,Ous,RU,60.9058,61.5186,3.06,98,100,3.51,overcast clouds
191,Barcelos,PT,41.5388,-8.6151,53.74,90,75,13.02,broken clouds
192,San Cristobal,VE,7.7669,-72.225,80.78,37,81,6.31,broken clouds
193,Gat,IL,31.61,34.7642,57.4,100,0,1.9,clear sky
194,Vaitape,PF,-16.5167,-151.75,81.1,74,100,14.79,overcast clouds
195,Kenora,CA,49.8167,-94.4337,-8.23,64,75,11.5,broken clouds
196,Zilair,RU,52.2332,57.4392,15.58,97,98,7.34,overcast clouds
197,Pacific Grove,US,36.6177,-121.9166,74.3,59,0,3.0,clear sky
198,Hofn,IS,64.2539,-15.2082,21.94,57,7,9.78,clear sky
199,Auki,SB,-8.7676,160.7034,77.25,86,89,4.32,overcast clouds
200,Iquique,CL,-20.2208,-70.1431,74.28,66,32,8.95,scattered clouds
201,Port Hedland,AU,-20.3167,118.5667,82.45,83,40,5.75,scattered clouds
202,Senanga,ZM,-16.1167,23.2667,73.72,68,100,2.48,overcast clouds
203,Saint George,US,37.1041,-113.5841,66.54,23,0,0.0,clear sky
204,Byron Bay,AU,-28.65,153.6167,68.88,87,74,5.3,broken clouds
205,Petukhovo,RU,55.0692,67.9019,-1.28,100,59,5.35,broken clouds
206,Gravdal,NO,68.1214,13.5031,31.89,69,75,25.32,broken clouds
207,Hami,CN,42.8,93.45,27.97,49,99,6.76,overcast clouds
208,Portobelo,PA,9.55,-79.65,92.86,74,43,12.06,scattered clouds
209,Ulladulla,AU,-35.35,150.4667,61.88,81,100,7.56,overcast clouds
210,Vilsbiburg,DE,48.45,12.35,38.91,77,4,5.95,clear sky
211,Mandalgovi,MN,45.7625,106.2708,-5.08,78,68,7.94,broken clouds
212,Micheweni,TZ,-4.9667,39.8333,79.75,77,99,10.42,overcast clouds
213,Jalu,LY,29.0331,21.5482,58.91,43,80,6.51,broken clouds
214,Monte Alegre,BR,-2.0078,-54.0692,87.33,55,89,5.95,overcast clouds
215,Severo-Yeniseyskiy,RU,60.3725,93.0408,-13.85,96,64,5.1,broken clouds
216,Matagami,CA,49.7502,-77.6328,-3.89,50,0,5.75,clear sky
217,Kavaratti,IN,10.5669,72.642,80.94,71,4,5.79,clear sky
218,Artyom,AZ,40.4723,50.333,41.14,63,27,25.46,scattered clouds
219,Magadan,RU,59.5667,150.8,-7.26,70,20,8.16,few clouds
220,Saldanha,ZA,-33.0117,17.9442,71.65,88,15,23.98,few clouds
221,Concarneau,FR,47.875,-3.9225,54.82,89,100,18.72,light rain
222,Makakilo City,US,21.3469,-158.0858,74.28,80,0,5.75,clear sky
223,Tobermory,CA,45.2501,-81.6665,3.31,82,100,11.25,overcast clouds
224,Gallup,US,35.5281,-108.7426,48.96,20,0,4.61,clear sky
225,Buritis,BR,-15.6178,-46.4233,78.73,73,74,5.26,light rain
226,Tocopilla,CL,-22.092,-70.1979,74.57,65,94,8.68,overcast clouds
227,Beohari,IN,24.05,81.3833,56.43,35,0,5.21,clear sky
228,Murdochville,CA,48.9583,-65.5006,-1.32,62,5,5.3,clear sky
229,Sao Joao Da Barra,BR,-21.6403,-41.0511,82.49,82,46,11.92,scattered clouds
230,Suihua,CN,46.6406,126.9969,-19.1,100,75,5.19,broken clouds
231,Plettenberg Bay,ZA,-34.0527,23.3716,68.14,84,36,3.58,scattered clouds
232,Souillac,MU,-20.5167,57.5167,81.36,83,40,10.36,scattered clouds
233,Kousseri,CM,12.0769,15.0306,85.96,10,28,8.05,scattered clouds
234,Lugo,ES,43.0,-7.5,47.35,97,99,1.01,overcast clouds
235,Sokur,RU,55.2093,83.319,19.76,95,100,12.57,light snow
236,Barrow,US,71.2906,-156.7887,-29.18,100,0,8.05,clear sky
237,Dryden,CA,49.7833,-92.7503,-5.51,54,0,8.05,clear sky
238,Ambanja,MG,-13.6833,48.45,74.44,93,37,1.59,moderate rain
239,Samarai,PG,-10.6167,150.6667,80.08,76,36,5.88,scattered clouds
240,Sobolevo,RU,54.4299,31.8996,24.94,85,84,13.33,broken clouds
241,Carnarvon,AU,-24.8667,113.6333,78.87,83,16,8.05,few clouds
242,Coquimbo,CL,-29.9533,-71.3436,69.13,70,22,7.27,few clouds
243,Mocoa,CO,1.1493,-76.6466,84.51,61,99,4.52,overcast clouds
244,Narsaq,GL,60.9167,-46.05,28.62,92,100,9.84,overcast clouds
245,Cotonou,BJ,6.3654,2.4183,84.18,84,20,10.36,few clouds
246,Zhezkazgan,KZ,47.8043,67.7144,28.24,95,97,7.83,overcast clouds
247,North Bend,US,43.4065,-124.2243,42.71,87,40,3.44,mist
248,Bayir,TR,37.2687,28.2167,46.92,88,88,3.87,overcast clouds
249,Sakakah,SA,29.9697,40.2064,53.17,25,0,6.29,clear sky
250,Seddon,AU,-37.8068,144.8916,68.76,67,0,6.91,clear sky
251,Sokol,RU,59.4617,40.1206,23.88,96,68,8.28,snow
252,Keti Bandar,PK,24.1447,67.4497,70.03,57,0,7.7,clear sky
253,Ville-Marie,CA,47.3335,-79.433,-11.2,78,100,3.38,overcast clouds
254,Lasa,IT,46.6166,10.7002,31.46,60,2,2.33,clear sky
255,Klyuchi,RU,52.2667,79.1667,25.29,94,100,15.73,light snow
256,Alakurtti,RU,66.9672,30.3491,11.62,95,100,6.24,light snow
257,Northam,GB,51.0333,-4.2167,49.91,96,100,17.02,overcast clouds
258,Waipawa,NZ,-41.4122,175.5153,54.23,85,100,10.69,overcast clouds
259,Pergamino,AR,-33.89,-60.5736,83.25,20,1,2.75,clear sky
260,Minsk,BY,53.9,27.5667,26.35,82,76,12.17,broken clouds
261,Arona,ES,28.0996,-16.681,63.12,73,20,12.66,few clouds
262,Port Moresby,PG,-9.4431,147.1797,76.42,88,20,3.44,few clouds
263,Talnakh,RU,69.4865,88.3972,-7.13,70,10,9.26,clear sky
264,Mount Gambier,AU,-37.8333,140.7667,60.71,94,100,8.05,overcast clouds
265,Ankola,IN,14.6667,74.3,73.54,76,0,3.6,clear sky
266,Sabang,ID,5.8933,95.3214,82.22,73,56,9.84,broken clouds
267,Naushki,RU,50.3828,106.1056,-25.06,100,77,1.72,broken clouds
268,Dawson Creek,CA,55.7666,-120.2362,33.76,69,20,3.44,few clouds
269,Bonnyville,CA,54.2668,-110.735,31.32,87,86,16.02,light snow
270,Udachnyy,RU,66.4167,112.4,-21.8,95,13,1.57,few clouds
271,Krasnoselkup,RU,65.7,82.4667,-2.52,91,7,12.57,clear sky
272,Lompoc,US,34.6391,-120.4579,83.57,28,0,8.05,clear sky
273,Nisia Floresta,BR,-6.0911,-35.2086,88.61,55,9,11.81,clear sky
274,Sandpoint,US,48.2766,-116.5533,37.56,74,0,0.0,clear sky
275,Tuatapere,NZ,-46.1333,167.6833,41.83,94,14,3.65,few clouds
276,Viedma,AR,-40.8135,-62.9967,91.96,12,1,8.52,clear sky
277,Misratah,LY,32.3754,15.0925,58.33,57,2,8.12,clear sky
278,Rawson,AR,-43.3002,-65.1023,88.92,21,9,18.43,clear sky
279,Coxim,BR,-18.5067,-54.76,90.97,46,92,4.45,overcast clouds
280,Lodja,CD,-3.4833,23.4333,71.24,89,87,2.73,overcast clouds
281,Caraballeda,VE,10.6112,-66.8522,88.38,52,20,2.3,few clouds
282,Horta,PT,38.5333,-28.6333,62.24,59,75,6.91,broken clouds
283,Kahului,US,20.8947,-156.47,74.84,83,20,7.0,few clouds
284,Eydhafushi,MV,5.1033,73.0708,81.64,75,100,12.77,overcast clouds
285,Padang,ID,-0.9492,100.3543,77.09,85,100,3.78,overcast clouds
286,Homer,US,59.6425,-151.5483,33.67,98,100,0.0,mist
287,Wladyslawowo,PL,54.7909,18.4009,36.95,64,96,15.64,overcast clouds
288,Otjimbingwe,NA,-22.35,16.1333,77.72,63,99,2.73,overcast clouds
289,Saint-Augustin,CA,51.226,-58.6502,4.48,70,6,13.85,clear sky
290,Khatanga,RU,71.9667,102.5,-24.2,92,88,3.27,overcast clouds
291,Siljan,NO,59.2884,9.71,43.3,96,100,6.08,light rain
292,Hithadhoo,MV,-0.6,73.0833,82.42,76,85,10.96,overcast clouds
293,Geraldton,AU,-28.7667,114.6,73.81,83,100,6.91,overcast clouds
294,Roald,NO,62.5833,6.1333,43.16,87,75,11.5,broken clouds
295,Upernavik,GL,72.7868,-56.1549,-6.5,96,100,13.78,overcast clouds
296,Suraabad,AZ,40.8192,49.4687,41.18,83,69,22.53,broken clouds
297,Grand-Bourg,GP,15.8835,-61.3148,85.05,75,4,21.39,clear sky
298,Valparaiso,CL,-33.0393,-71.6273,71.24,76,75,17.27,broken clouds
299,Rio Gallegos,AR,-51.6226,-69.2181,59.05,20,20,51.79,few clouds
300,Yerbogachen,RU,61.2767,108.0108,-28.03,100,91,3.62,overcast clouds
301,Santa Cruz,BO,-17.8,-63.1667,83.66,51,75,17.27,broken clouds
302,Belmonte,BR,-15.8631,-38.8828,84.2,87,96,9.51,overcast clouds
303,Kandrian,PG,-6.2167,149.55,75.96,89,100,2.84,overcast clouds
304,Scunthorpe,GB,53.579,-0.6544,49.64,94,100,20.0,overcast clouds
305,Bathsheba,BB,13.2167,-59.5167,75.81,88,75,9.22,broken clouds
306,Puerto Suarez,BO,-18.95,-57.8,100.54,29,77,2.19,broken clouds
307,Preeceville,CA,51.95,-102.6677,19.31,86,100,19.69,overcast clouds
308,Abaete,BR,-19.16,-45.4458,79.07,71,77,4.68,broken clouds
309,Henties Bay,NA,-22.116,14.2845,73.85,80,9,6.49,light rain
310,Broome,US,42.2506,-75.833,25.02,59,100,9.22,overcast clouds
311,Meulaboh,ID,4.1363,96.1285,76.59,89,74,3.62,broken clouds
312,Cap Malheureux,MU,-19.9842,57.6142,81.46,77,100,5.01,overcast clouds
313,Jasper,US,37.2001,-94.3502,44.28,38,0,11.5,clear sky
314,Grafton,US,42.207,-71.6856,30.74,81,100,4.61,overcast clouds
315,Pitimbu,BR,-7.4706,-34.8086,88.39,65,2,10.6,clear sky
316,Hamilton,US,39.1834,-84.5333,29.59,57,75,3.44,broken clouds
317,Kloulklubed,PW,7.0419,134.2556,79.3,82,100,19.46,overcast clouds
318,Kavieng,PG,-2.5744,150.7967,80.62,77,88,4.92,overcast clouds
319,Keetmanshoop,NA,-26.5833,18.1333,76.12,64,38,8.05,scattered clouds
320,Charleston,US,32.7766,-79.9309,63.27,75,40,8.05,scattered clouds
321,Grindavik,IS,63.8424,-22.4338,28.87,93,75,6.91,snow
322,Tautira,PF,-17.7333,-149.15,84.22,77,94,16.73,light rain
323,Margate,GB,51.3813,1.3862,48.31,84,100,11.01,light rain
324,Khuzhir,RU,53.1939,107.3397,-3.86,95,87,12.26,overcast clouds
325,Marawi,PH,7.9986,124.2928,64.65,92,99,2.55,overcast clouds
326,Yingkou,CN,40.6648,122.2283,17.67,91,100,12.77,light snow
327,Kungurtug,RU,50.5994,97.5228,-17.7,98,80,1.5,broken clouds
328,Buchanan,LR,5.8808,-10.0467,85.96,74,73,10.2,broken clouds
329,Rosa Zarate,EC,0.3333,-79.4667,78.04,82,100,1.23,overcast clouds
330,Caramay,PH,10.1815,119.236,77.31,85,100,3.04,overcast clouds
331,Vao,NC,-22.6667,167.4833,78.28,84,100,7.72,overcast clouds
332,Savigliano,IT,44.644,7.6559,45.18,49,100,3.44,overcast clouds
333,Dunedin,NZ,-45.8742,170.5036,52.81,83,57,5.01,broken clouds
334,Viransehir,TR,37.2353,39.7631,47.55,50,57,4.34,broken clouds
335,Pangnirtung,CA,66.1451,-65.7125,-29.2,75,0,9.22,clear sky
336,Moba,CN,33.2288,105.0179,29.97,88,81,2.3,broken clouds
337,Riachao Do Jacuipe,BR,-11.8069,-39.3856,88.84,45,85,7.2,light rain
338,Eirunepe,BR,-6.6603,-69.8736,79.21,92,100,3.38,light rain
339,Tual,ID,-5.6667,132.75,81.84,74,100,9.08,overcast clouds
340,Itarema,BR,-2.9248,-39.9167,85.44,63,39,15.21,scattered clouds
341,Beringovskiy,RU,63.05,179.3167,-27.81,97,10,5.32,clear sky
342,Bandarbeyla,SO,9.4942,50.8122,75.83,64,63,19.08,broken clouds
343,Nabire,ID,-3.3667,135.4833,75.97,91,100,3.04,overcast clouds
344,Catemaco,MX,18.4167,-95.1167,60.55,93,100,20.22,overcast clouds
345,Dingle,PH,10.9995,122.6711,74.77,92,97,6.44,overcast clouds
346,Trincomalee,LK,8.5711,81.2335,80.08,72,100,15.73,overcast clouds
347,Sukhumi,GE,43.0033,41.0153,43.32,85,86,5.26,overcast clouds
348,Coihaique,CL,-45.5752,-72.0662,81.21,36,0,9.22,clear sky
349,San Martin,AR,-33.081,-68.4681,84.74,21,0,10.31,clear sky
350,Paita,PE,-5.0892,-81.1144,90.16,62,80,12.08,broken clouds
351,Banyliv,UA,48.3661,25.3455,30.67,69,0,3.18,clear sky
352,Mahibadhoo,MV,3.7833,72.9667,82.2,76,100,12.35,overcast clouds
353,Mehamn,NO,71.0357,27.8492,21.38,79,0,23.02,clear sky
354,Moose Factory,CA,51.2585,-80.6094,1.4,50,0,9.22,clear sky
355,Norman Wells,CA,65.282,-126.8329,-14.76,70,75,8.05,broken clouds
356,Soto La Marina,MX,23.7667,-98.2167,58.77,23,20,12.17,few clouds
357,Camacha,PT,33.0833,-16.3333,59.76,67,20,11.5,few clouds
358,Ribas Do Rio Pardo,BR,-20.4431,-53.7592,92.39,36,97,6.69,overcast clouds
359,Bambous Virieux,MU,-20.3428,57.7575,81.21,83,40,10.36,scattered clouds
360,Winnemucca,US,40.973,-117.7357,48.25,37,0,0.0,clear sky
361,Sao Paulo De Olivenca,BR,-3.3783,-68.8725,72.66,99,100,2.28,heavy intensity rain
362,Olyka,UA,50.7186,25.8125,31.93,69,46,9.69,scattered clouds
363,Laguna,US,38.421,-121.4238,76.84,56,0,4.61,clear sky
364,Altamira,BR,-3.2033,-52.2064,82.49,74,40,4.61,scattered clouds
365,Hambantota,LK,6.1241,81.1185,75.97,81,100,13.02,overcast clouds
366,Baykit,RU,61.67,96.37,-13.81,100,94,3.6,overcast clouds
367,Mbulu,TZ,-3.85,35.5333,61.63,83,92,2.64,light rain
368,Qena,EG,26.1615,32.7183,66.31,19,0,8.1,clear sky
369,Chipiona,ES,36.7366,-6.437,60.67,77,20,5.75,few clouds
370,Muros,ES,42.7762,-9.0603,54.23,73,69,21.85,broken clouds
371,Tandil,AR,-37.3217,-59.1332,77.74,28,8,12.82,clear sky
372,Korla,CN,41.7597,86.1469,30.13,45,0,4.45,clear sky
373,Jiangyou,CN,31.7667,104.7167,44.74,81,97,1.72,overcast clouds
374,Kuching,MY,1.55,110.3333,77.22,88,40,8.05,scattered clouds
375,Maarianhamina,AX,60.0973,19.9348,37.26,87,100,18.41,overcast clouds
376,Zhuanghe,CN,39.7008,122.9911,27.79,90,100,3.76,light snow
377,Lamesa,US,32.7376,-101.951,57.07,32,0,4.74,clear sky
378,Berlevag,NO,70.8578,29.0864,19.4,80,96,10.4,overcast clouds
379,Nemuro,JP,43.3236,145.575,26.71,85,98,9.01,overcast clouds
380,Ancud,CL,-41.8697,-73.8203,80.22,73,8,6.89,clear sky
381,San Quintin,MX,30.4833,-115.95,74.86,18,46,2.51,scattered clouds
382,Usakos,NA,-22.0,15.6,78.28,59,93,9.75,overcast clouds
383,Bahia Blanca,AR,-38.7196,-62.2724,87.13,16,2,7.65,clear sky
384,Monte Patria,CL,-30.6919,-70.9467,81.63,39,0,10.58,clear sky
385,Port Elizabeth,ZA,-33.918,25.5701,70.09,83,100,14.97,overcast clouds
386,Shelburne,CA,44.0787,-80.2041,13.14,68,94,3.13,overcast clouds
387,Ballina,AU,-28.8667,153.5667,66.16,96,75,6.91,broken clouds
388,Youghal,IE,51.95,-7.8506,46.02,97,34,12.46,scattered clouds
389,Cidreira,BR,-30.1811,-50.2056,71.11,90,100,9.84,moderate rain
390,Fort Nelson,CA,58.8053,-122.7002,-2.61,78,75,3.44,broken clouds
391,Irbil,IQ,36.1926,44.0106,49.82,53,0,2.3,clear sky
392,Rehoboth,NA,-23.3167,17.0833,69.35,66,32,10.94,scattered clouds
393,Pisco,PE,-13.7,-76.2167,77.05,57,0,8.05,clear sky
394,Grand Gaube,MU,-20.0064,57.6608,81.37,77,90,5.99,overcast clouds
395,Shancheng,CN,34.7953,116.0817,39.67,77,13,6.11,few clouds
396,Ratnagiri,IN,16.9833,73.3,73.47,63,0,8.66,clear sky
397,Manacor,ES,39.5696,3.2096,56.28,88,100,9.06,overcast clouds
398,Vila Velha,BR,-20.3297,-40.2925,84.15,77,75,16.11,broken clouds
399,Saint-Joseph,RE,-21.3667,55.6167,79.18,86,16,9.75,few clouds
400,Egvekinot,RU,66.3167,-179.1667,-19.95,92,92,6.93,overcast clouds
401,Hulan,CN,45.9833,126.6,-7.49,99,100,4.97,overcast clouds
402,Ostrovnoy,RU,68.0531,39.5131,13.93,70,100,15.9,overcast clouds
403,Prince George,CA,53.9166,-122.753,35.62,69,0,4.61,clear sky
404,Aranos,NA,-24.1333,19.1167,69.8,70,100,8.43,light rain
405,Te Anau,NZ,-45.4167,167.7167,44.35,93,36,1.01,scattered clouds
406,Bom Jesus Da Lapa,BR,-13.255,-43.4181,80.2,64,51,4.5,broken clouds
407,Cermik,TR,38.1361,39.4493,37.89,60,86,5.12,overcast clouds
408,Beloha,MG,-25.1667,45.05,76.06,87,32,16.15,scattered clouds
409,La Rioja,ES,42.25,-2.5,49.78,70,100,10.89,overcast clouds
410,Iralaya,HN,15.0,-83.2333,80.69,63,0,10.69,clear sky
411,Teberda,RU,43.4456,41.7448,19.94,87,40,4.18,scattered clouds
412,Nipawin,CA,53.3668,-104.0009,8.64,85,20,17.27,few clouds
413,Staryy Nadym,RU,65.6118,72.6842,-17.0,98,96,8.37,overcast clouds
414,Voyvozh,RU,62.892,54.9635,-0.15,100,91,2.8,overcast clouds
415,Zinder,NE,13.8072,8.9881,80.56,16,0,4.61,clear sky
416,Bulgan,MN,48.8125,103.5347,-14.39,100,100,1.01,overcast clouds
417,Pangody,RU,65.85,74.4859,-13.97,95,82,8.99,broken clouds
418,Tanda,IN,26.55,82.65,53.74,65,0,4.65,clear sky
419,Fiumicino,IT,41.7675,12.2291,54.99,85,40,11.5,scattered clouds
420,Gloucester,GB,51.8657,-2.2431,52.47,89,100,8.99,overcast clouds
421,Xiaoweizhai,CN,26.1903,107.5125,37.49,96,18,3.09,few clouds
422,Dzaoudzi,YT,-12.7887,45.2699,78.69,89,0,5.75,clear sky
423,Touros,BR,-5.1989,-35.4608,88.7,66,8,13.13,clear sky
424,Methoni,GR,36.8197,21.7049,57.22,71,5,1.79,clear sky
425,Tilichiki,RU,60.4667,166.1,-19.44,93,7,9.91,clear sky
426,Carutapera,BR,-1.195,-46.02,81.39,77,100,7.25,overcast clouds
427,Ilo,PE,-17.6394,-71.3375,74.34,70,15,9.26,few clouds
428,Lewistown,US,40.5992,-77.5714,33.15,70,100,9.22,overcast clouds
429,Nynashamn,SE,58.9034,17.9479,39.0,88,100,21.0,overcast clouds
430,Erenhot,CN,43.6475,111.9767,-6.27,92,6,4.9,clear sky
431,Petropavlovsk-Kamchatskiy,RU,53.0452,158.6483,7.39,66,75,2.24,broken clouds
432,Santa Cruz De La Palma,ES,28.6835,-17.7642,68.14,68,20,10.36,few clouds
433,Brae,GB,60.3964,-1.353,42.71,87,100,9.28,overcast clouds
434,Pangkalanbuun,ID,-2.6833,111.6167,74.88,95,100,1.48,overcast clouds
435,Yulara,AU,-25.2406,130.9889,71.44,30,1,8.05,clear sky
436,Maltahohe,NA,-24.8333,16.9833,75.45,55,100,11.99,light rain
437,Zhanaozen,KZ,43.3,52.8,30.85,64,6,13.13,clear sky
438,Nongstoin,IN,25.5167,91.2667,45.25,48,0,4.18,clear sky
439,Kudahuvadhoo,MV,2.6708,72.8944,81.82,76,100,10.02,overcast clouds
440,Jaltepec,MX,19.7333,-98.6333,59.74,52,25,6.76,scattered clouds
441,Ngunguru,NZ,-35.6167,174.5,59.16,70,77,7.27,broken clouds
442,Noyabrsk,RU,63.1994,75.4507,-11.61,99,100,9.55,overcast clouds
443,Manta,EC,-0.95,-80.7333,80.38,78,75,6.91,broken clouds
444,Pevek,RU,69.7008,170.3133,-17.28,98,100,9.04,overcast clouds
445,Kampong Cham,KH,11.9934,105.4635,78.82,72,77,5.95,broken clouds
446,Osmena,PH,10.5208,119.9258,79.05,80,100,2.1,overcast clouds
447,Atambua,ID,-9.1061,124.8925,73.09,89,40,2.15,scattered clouds
448,Okhotsk,RU,59.3833,143.3,-14.55,80,1,10.76,clear sky
449,Mayumba,GA,-3.432,10.6554,78.64,85,100,4.59,overcast clouds
450,Uruana,BR,-15.4981,-49.6875,75.67,82,82,7.27,broken clouds
451,Sechura,PE,-5.5569,-80.8222,83.75,54,88,14.65,overcast clouds
452,Aden,YE,12.7794,45.0367,76.71,69,8,7.52,clear sky
453,Balarampur,IN,23.1167,86.2167,59.94,32,0,3.85,clear sky
454,Madang,PG,-5.2246,145.7966,74.93,95,100,4.25,overcast clouds
455,Willowmore,ZA,-33.2926,23.4895,70.41,69,95,9.06,overcast clouds
456,Bogalusa,US,30.791,-89.8487,53.74,24,0,8.05,clear sky
457,Karratha,AU,-20.7377,116.8463,84.65,63,87,9.48,overcast clouds
458,Merauke,ID,-8.4667,140.3333,78.37,82,11,9.66,few clouds
459,Algiers,DZ,36.7525,3.042,53.42,76,20,5.75,few clouds
460,Yeppoon,AU,-23.1333,150.7333,69.58,79,37,16.89,scattered clouds
461,Kochevo,RU,59.5994,54.3125,5.27,100,82,3.49,broken clouds
462,Ocampo,MX,21.65,-101.5,65.28,44,11,11.3,few clouds
463,Olafsvik,IS,64.8945,-23.7142,27.72,92,100,9.04,light snow
464,Baruun-Urt,MN,46.6806,113.2792,-16.96,99,72,2.68,broken clouds
465,Syamzha,RU,60.0158,41.0614,19.69,95,100,7.67,overcast clouds
466,Duncan,US,34.5023,-97.9578,55.29,25,0,6.91,clear sky
467,Kaupanger,NO,61.1845,7.2404,37.89,93,40,1.14,scattered clouds
468,Fernley,US,39.608,-119.2518,63.81,29,0,1.01,clear sky
469,Nalut,LY,30.3333,10.85,58.37,23,82,11.18,broken clouds
470,Sayyan,YE,15.1718,44.3244,54.77,46,8,2.26,clear sky
471,Ardmore,US,34.1743,-97.1436,58.64,27,0,9.22,clear sky
472,Tiznit,MA,29.5833,-9.5,57.6,58,0,6.08,clear sky
473,Griffith,US,41.5284,-87.4237,19.13,64,100,10.36,overcast clouds
474,Kutum,SD,14.2,24.6667,66.18,12,6,9.08,clear sky
475,Knysna,ZA,-34.0363,23.0471,70.18,87,15,2.33,few clouds
476,Praia Da Vitoria,PT,38.7333,-27.0667,60.76,72,75,7.94,broken clouds
477,Halifax,CA,44.6453,-63.5724,33.8,74,100,5.01,overcast clouds
478,Topeka,US,39.0483,-95.678,35.69,41,0,13.8,clear sky
479,Tynda,RU,55.1667,124.7167,-18.42,97,91,2.53,overcast clouds
480,Sinnamary,GF,5.3833,-52.95,79.2,86,65,9.44,broken clouds
481,Yabelo,ET,4.8833,38.0833,70.09,23,90,5.99,overcast clouds
482,Kasempa,ZM,-13.4584,25.8338,63.84,88,43,3.42,scattered clouds
483,Jiexiu,CN,37.0244,111.9125,29.95,33,2,5.28,clear sky
484,Russell,US,32.3502,-85.1999,52.88,27,40,16.11,scattered clouds
485,Charters Towers,AU,-20.1,146.2667,69.31,80,1,7.34,clear sky
486,Inta,RU,66.0317,60.1659,4.91,84,92,6.31,overcast clouds
487,Bollnas,SE,61.3482,16.3946,39.38,80,100,13.27,overcast clouds
488,Guararapes,BR,-21.2608,-50.6428,86.27,50,72,7.09,broken clouds
489,Otatitlan,MX,18.2,-96.0333,63.28,69,100,5.17,overcast clouds
490,Noshiro,JP,40.2039,140.0242,21.72,79,38,5.12,scattered clouds
491,San Ignacio,BZ,17.1561,-89.0714,84.34,70,75,6.91,broken clouds
492,Katy,US,29.7858,-95.8244,57.69,30,0,8.05,clear sky
493,San Vicente,AR,-26.6167,-54.1333,86.04,38,99,6.02,overcast clouds
494,Ak-Dovurak,RU,51.1833,90.6,-16.13,96,100,0.87,overcast clouds
495,Olga,RU,43.7444,135.2892,10.56,76,18,6.98,few clouds
496,Kalmunai,LK,7.4167,81.8167,76.19,83,97,5.91,overcast clouds
497,Codrington,AU,-38.2667,141.9667,59.95,90,60,7.2,broken clouds
498,Kirakira,SB,-10.4544,161.9205,79.25,84,100,8.32,overcast clouds
499,Ayr,GB,55.4627,-4.6339,42.78,93,100,10.36,overcast clouds
500,Vallentuna,SE,59.5344,18.0776,39.38,88,75,17.27,broken clouds
501,Ust-Nera,RU,64.5667,143.2,-35.36,96,57,1.95,broken clouds
502,Tamiahua,MX,21.2667,-97.45,62.71,49,50,19.13,scattered clouds
503,Huarmey,PE,-10.0681,-78.1522,77.81,69,4,12.46,clear sky
504,Baiyin,CN,36.5583,104.2081,22.08,83,9,0.65,clear sky
505,Vangaindrano,MG,-23.35,47.6,74.43,91,0,1.41,clear sky
506,Atbasar,KZ,51.8,68.3333,-1.14,99,100,4.0,snow
507,Alta Floresta,BR,-9.8756,-56.0861,85.82,70,40,6.91,scattered clouds
508,Saint-Denis,FR,48.9167,2.3333,56.17,61,0,13.8,clear sky
509,Jaguarao,BR,-32.5661,-53.3758,77.94,25,0,15.59,clear sky
510,Harlingen,US,26.1906,-97.6961,62.26,33,0,10.36,clear sky
511,Smithers,CA,54.7804,-127.1743,26.92,93,100,2.3,overcast clouds
512,Stanilesti,RO,46.6183,28.1714,38.08,67,99,8.37,overcast clouds
513,Khao Wong,TH,16.7001,104.0902,68.09,83,84,8.99,broken clouds
514,Biltine,TD,14.5333,20.9167,79.61,10,100,14.38,overcast clouds
515,Poum,NC,-20.2333,164.0167,81.66,77,99,14.34,overcast clouds
516,Launceston,AU,-41.45,147.1667,60.15,92,85,5.75,overcast clouds
517,Jaguey Grande,CU,22.5269,-81.1286,75.85,42,69,7.43,broken clouds
518,Waltershausen,DE,50.9,10.5667,42.84,83,70,12.35,broken clouds
519,Dongsheng,CN,39.8161,109.9776,6.78,64,26,3.02,scattered clouds
520,Marang,MY,5.2056,103.2059,76.93,89,17,2.33,few clouds
521,Tura,IN,25.5198,90.2201,54.75,69,0,4.47,clear sky
522,Selma,US,36.5708,-119.6121,75.18,45,6,1.52,clear sky
523,Sioux Lookout,CA,50.1001,-91.917,-5.42,59,40,6.91,scattered clouds
524,Nha Trang,VN,12.25,109.1833,77.0,89,72,5.53,broken clouds
525,Nara,JP,34.6851,135.8049,40.28,84,100,4.36,overcast clouds
526,Thunder Bay,CA,48.4001,-89.3168,5.56,56,0,5.75,clear sky
527,Sola,VU,-13.8833,167.55,79.47,89,75,0.0,broken clouds
528,Ilulissat,GL,69.2167,-51.1,23.02,50,75,14.97,broken clouds
529,La Ronge,CA,55.1001,-105.2842,5.25,85,75,4.61,broken clouds
530,Molchanovo,RU,57.5817,83.7692,6.46,95,100,8.97,overcast clouds
531,Bodden Town,KY,19.2833,-81.25,82.98,74,75,4.61,broken clouds
532,Talcahuano,CL,-36.7167,-73.1167,61.97,85,41,11.34,scattered clouds
533,Obukhiv,UA,50.11,30.6227,32.41,72,19,8.12,few clouds
534,Inongo,CD,-1.95,18.2667,74.48,85,100,4.18,overcast clouds
535,Najran,SA,17.4924,44.1277,59.65,38,30,3.85,scattered clouds
536,Ranchi,IN,23.35,85.3333,57.31,62,0,0.0,haze
537,Ust-Kuyga,RU,70.0167,135.6,-11.79,90,100,6.96,overcast clouds
538,Ko Samui,TH,9.5357,99.9357,82.33,76,100,12.93,overcast clouds
539,Chuguyevka,RU,44.1653,133.8633,-10.97,100,100,2.91,overcast clouds
540,Fairlie,GB,55.756,-4.8556,42.71,93,100,11.05,light rain
541,Kieta,PG,-6.2167,155.6333,78.8,83,90,0.49,overcast clouds
542,Majene,ID,-3.5403,118.9707,75.61,87,100,3.51,overcast clouds
543,Alnavar,IN,15.4333,74.7333,68.92,53,1,4.23,clear sky
544,Uniontown,US,39.9001,-79.7164,30.56,51,100,1.99,snow
545,Benguela,AO,-12.5763,13.4055,77.52,78,92,3.56,overcast clouds
546,Srednekolymsk,RU,67.45,153.6833,-33.14,99,18,6.29,few clouds
547,Aguie,NE,13.506,7.7786,75.97,10,0,9.04,clear sky
548,Buenos Aires,AR,-34.6132,-58.3772,80.92,33,0,9.22,clear sky
549,Daru,PG,-9.0763,143.2092,79.0,79,53,9.75,broken clouds
550,Nanzhou,CN,29.3596,112.4024,39.83,87,0,2.89,clear sky
551,Mattru,SL,7.6244,-11.8332,82.31,64,24,7.83,few clouds
552,Nanyang,CN,32.9947,112.5328,37.96,81,85,4.16,overcast clouds
553,Moindou,NC,-21.6924,165.677,75.15,85,100,4.25,overcast clouds
554,Vuktyl,RU,63.8567,57.3094,5.23,98,99,3.65,overcast clouds
555,Poronaysk,RU,49.2167,143.1167,8.11,94,87,7.29,overcast clouds
556,Hondo,JP,32.45,130.2,47.95,75,100,10.02,light rain
557,Batagay-Alyta,RU,67.8006,130.4114,-9.29,84,100,3.29,overcast clouds
558,Havoysund,NO,70.9963,24.6622,22.08,85,100,10.2,light snow
559,Vylok,UA,48.1092,22.8387,34.72,82,16,3.65,few clouds
560,San Jose,US,37.3394,-121.895,74.26,52,20,1.99,few clouds
561,Pacasmayo,PE,-7.4006,-79.5714,77.43,64,75,12.12,broken clouds
562,Lorengau,PG,-2.0226,147.2712,80.4,78,100,1.54,overcast clouds
563,Laramie,US,41.3114,-105.5911,46.9,55,6,18.41,clear sky
564,Banjarmasin,ID,-3.3244,114.591,77.14,90,100,1.72,overcast clouds
565,Harper,LR,4.375,-7.7169,78.96,82,48,7.05,scattered clouds
566,Walvis Bay,NA,-22.9575,14.5053,76.15,73,1,8.05,light rain
567,Solnechnyy,RU,50.7214,136.6319,9.12,95,100,4.61,overcast clouds
568,Perbaungan,ID,3.5679,98.956,78.91,90,93,5.3,overcast clouds
569,Rabo De Peixe,PT,37.8,-25.5833,62.28,80,40,12.66,scattered clouds
570,Dubai,AE,25.2582,55.3047,70.21,48,20,6.91,few clouds
571,Aripuana,BR,-9.1667,-60.6333,78.06,93,100,0.31,moderate rain
572,Belaya Gora,RU,68.5333,146.4167,-19.3,96,86,5.19,overcast clouds
573,Jawhar,SO,2.7809,45.5005,75.83,74,100,15.05,overcast clouds
574,Hovd,MN,48.0056,91.6419,-13.13,81,15,2.51,few clouds
575,Skjervoy,NO,70.0311,20.9714,23.18,70,100,12.33,overcast clouds
576,Nuuk,GL,64.1835,-51.7216,9.88,92,75,11.5,broken clouds
577,Imuris,MX,30.7833,-110.8667,74.05,12,2,5.79,clear sky
578,Goderich,CA,43.7501,-81.7165,18.91,85,100,2.3,overcast clouds
579,Riyadh,SA,24.6877,46.7219,59.14,29,0,7.76,clear sky
580,Sambava,MG,-14.2667,50.1667,77.13,86,57,3.98,moderate rain
581,Amahai,ID,-3.3333,128.9167,76.19,89,100,1.32,overcast clouds
582,Crestline,US,34.242,-117.2856,69.08,14,0,1.99,clear sky
583,Nantucket,US,41.2835,-70.0995,37.51,84,100,17.27,overcast clouds
584,Champerico,GT,14.3,-91.9167,93.76,56,1,9.46,clear sky
585,Gannan,CN,47.9147,123.5031,-6.79,93,38,6.31,scattered clouds
586,High Level,CA,58.5169,-117.136,-3.89,77,20,6.91,few clouds
587,Taoudenni,ML,22.6783,-3.9836,67.84,21,0,12.15,clear sky
588,Gushi,CN,34.6425,109.5843,40.87,70,49,4.29,scattered clouds
589,Nazca,PE,-14.8333,-74.95,86.5,41,26,9.24,scattered clouds
590,Constantine,DZ,36.365,6.6147,47.61,66,40,5.75,scattered clouds
591,Quatre Cocos,MU,-20.2078,57.7625,81.09,84,86,13.33,light rain
592,Santiago Del Estero,AR,-27.7951,-64.2615,85.86,19,0,8.03,clear sky
593,Kattivakkam,IN,13.2167,80.3167,80.08,77,2,10.85,clear sky
594,Svetlyy,RU,54.675,20.1347,35.65,72,100,16.91,overcast clouds
595,Benjamin Constant,BR,-4.3831,-70.0311,77.13,88,100,6.91,moderate rain
596,Manali,IN,13.1667,80.2667,80.08,77,3,10.25,clear sky
597,Thaba-Tseka,LS,-29.522,28.6084,59.41,82,91,0.72,moderate rain
598,Constitucion,CL,-35.3333,-72.4167,68.63,70,50,10.07,scattered clouds
599,Raudeberg,NO,61.9875,5.1352,41.67,94,100,5.01,moderate rain
600,Kouroussa,GN,10.65,-9.8833,82.26,13,6,2.91,clear sky
601,Muravlenko,RU,63.7898,74.523,-16.87,100,100,8.39,overcast clouds
602,Kostomuksha,RU,64.571,30.5767,28.92,95,100,11.83,light snow
603,Farafangana,MG,-22.8167,47.8333,76.41,88,2,4.56,clear sky
604,Savannakhet,LA,16.566,104.751,67.28,86,100,10.31,overcast clouds
605,Fort Dodge,US,42.4975,-94.168,10.44,56,0,0.0,clear sky
606,Ahtopol,BG,42.1,27.95,41.47,77,100,10.16,overcast clouds
607,Naze,JP,28.3667,129.4833,59.02,93,100,15.59,light rain
608,Acapulco,MX,16.8634,-99.8901,85.82,58,40,6.91,scattered clouds
609,Ugoofaaru,MV,5.6667,73.0,80.8,75,88,11.27,overcast clouds
610,Aljustrel,PT,37.8776,-8.1652,56.12,78,100,7.72,overcast clouds
611,Adrar,MR,20.5022,-10.0711,68.4,17,10,10.33,clear sky
612,Cockburn Town,TC,21.4612,-71.1419,82.36,61,40,18.41,scattered clouds
613,Cochrane,CA,51.1834,-114.4687,44.42,39,75,4.61,broken clouds
614,Sosnogorsk,RU,63.6023,53.8817,-2.61,100,91,3.11,overcast clouds
615,Ketchikan,US,55.3422,-131.6461,42.78,100,100,5.75,light rain
616,Sicuani,PE,-14.2694,-71.2261,55.53,60,100,6.62,overcast clouds
617,Saint Anthony,US,45.0205,-93.218,8.78,53,0,4.61,clear sky
618,Cazones,MX,20.7167,-97.3167,60.6,77,100,9.22,overcast clouds
619,Sao Raimundo Nonato,BR,-9.0153,-42.6994,82.09,70,74,2.89,moderate rain
620,Bequimao,BR,-2.4489,-44.7825,80.92,72,28,5.44,scattered clouds
621,Santa Rosa,PH,14.3122,121.1114,80.11,90,100,7.43,overcast clouds
622,Khasan,RU,42.4308,130.6434,18.93,63,100,7.18,overcast clouds
623,Varzea Grande,BR,-15.6467,-56.1325,85.87,66,75,11.5,thunderstorm
624,Mapastepec,MX,15.4333,-92.9,94.21,35,100,5.97,overcast clouds
625,Manacapuru,BR,-3.2997,-60.6206,82.98,77,100,3.67,light rain
626,Bemidji,US,47.4736,-94.8803,3.18,56,0,10.36,clear sky
627,Hualmay,PE,-11.0964,-77.6139,76.71,69,10,12.19,clear sky
628,Buckeye,US,33.3703,-112.5838,76.24,13,0,16.11,clear sky
629,Susanville,US,40.4163,-120.653,47.91,56,0,1.99,clear sky
630,Baglan,AF,36.1307,68.7083,47.93,68,99,3.38,overcast clouds
631,Comodoro Rivadavia,AR,-45.8667,-67.5,91.26,21,20,14.97,few clouds
632,Calama,CL,-22.4667,-68.9333,75.49,14,94,18.54,overcast clouds
633,Fort-Shevchenko,KZ,44.5086,50.263,35.42,64,12,15.59,few clouds
634,Hildburghausen,DE,50.4255,10.7318,40.19,91,16,6.42,few clouds
635,Mokhsogollokh,RU,61.4681,128.9203,-20.51,100,98,1.43,overcast clouds
636,Palu,ID,-0.8917,119.8707,75.33,92,100,3.11,light rain
637,Finote Selam,ET,10.7,37.2667,70.41,34,78,6.89,broken clouds
638,Murray Bridge,AU,-35.1167,139.2667,70.47,84,2,6.87,clear sky
639,Tornio,FI,65.8481,24.1466,32.02,99,100,9.82,light snow
640,Onguday,RU,50.75,86.15,0.73,96,100,3.04,overcast clouds
641,Ulaangom,MN,49.9811,92.0667,-25.67,98,100,1.21,overcast clouds
642,Leshukonskoye,RU,64.8989,45.7622,6.76,99,95,4.36,overcast clouds
643,Colares,PT,38.7992,-9.4469,58.28,83,75,20.0,mist
644,Charyshskoye,RU,51.3978,83.5598,16.16,88,100,4.72,overcast clouds
645,Kamenka,RU,51.3223,42.7678,14.74,95,8,8.03,clear sky
646,Penzance,GB,50.1186,-5.5371,49.21,82,100,25.72,overcast clouds
647,Avera,US,33.194,-82.5271,57.43,25,11,16.42,few clouds
648,Maragogi,BR,-9.0122,-35.2225,83.95,67,7,14.72,clear sky
649,Donja Dubica,BA,45.075,18.4114,37.47,69,0,2.42,clear sky
650,Caravelas,BR,-17.7125,-39.2481,81.57,70,89,11.07,overcast clouds
651,Bambanglipuro,ID,-7.95,110.2833,62.6,94,100,4.43,heavy intensity rain
652,Santa Lucia,ES,27.9117,-15.5407,60.76,68,20,19.57,few clouds
653,Atlantic Beach,US,30.3344,-81.3987,65.08,74,100,9.22,overcast clouds
654,Alexandria,EG,31.2156,29.9553,57.16,67,40,6.91,scattered clouds
655,Saint-Francois,FR,46.4154,3.9054,49.44,62,0,19.57,clear sky
656,Ixtapa,MX,20.7,-105.2,78.03,47,75,8.05,broken clouds
657,Taltal,CL,-25.4,-70.4833,71.69,68,13,8.55,few clouds
658,Svetlaya,RU,46.5389,138.3297,23.09,92,100,17.78,snow
659,Los Llanos De Aridane,ES,28.6585,-17.9182,64.13,71,20,10.36,few clouds
660,Khartoum,SD,15.5518,32.5324,79.02,17,21,13.0,few clouds
661,Lubao,PH,14.9167,120.55,80.15,87,100,5.61,overcast clouds
662,Victor Harbor,AU,-35.5667,138.6167,70.81,87,29,7.43,scattered clouds
663,Kobayashi,JP,31.9833,130.9833,50.77,98,100,2.44,light rain
664,Marystown,CA,47.1666,-55.1483,37.85,100,76,15.01,broken clouds
665,Casper,US,42.8666,-106.3131,49.5,47,0,16.11,clear sky
666,Waingapu,ID,-9.6567,120.2641,77.61,87,78,3.76,broken clouds
667,Slavyansk-Na-Kubani,RU,45.2519,38.1181,35.26,73,8,10.11,clear sky
668,Payakumbuh,ID,-0.2202,100.6308,69.06,96,100,2.91,overcast clouds
669,Connersville,US,39.6412,-85.1411,28.9,62,100,1.01,overcast clouds
670,Conakry,GN,9.538,-13.6773,86.07,66,7,13.8,haze
671,Yangcun,CN,39.3639,117.0603,21.18,96,58,4.38,broken clouds
672,Petrivka,UA,46.9695,30.9591,28.85,70,20,4.68,few clouds
673,Hereford,GB,52.0568,-2.7148,52.02,94,100,1.99,overcast clouds
674,Krotoszyn,PL,51.6987,17.4374,39.54,69,5,12.41,clear sky
675,Roma,US,43.2128,-75.4557,22.42,69,100,3.44,overcast clouds
676,Nyurba,RU,63.2842,118.3319,-22.13,100,97,1.19,overcast clouds
677,Palekh,RU,56.8028,41.8572,26.46,97,100,5.44,snow
678,Ettaiyapuram,IN,9.1441,77.9907,75.0,72,41,5.64,scattered clouds
679,Tarakan,ID,3.3,117.6333,76.5,94,20,0.0,few clouds
680,Sulangan,PH,11.1373,123.7228,79.25,82,100,11.23,overcast clouds
681,Letterkenny,IE,54.95,-7.7333,44.49,95,100,11.95,moderate rain
682,Amroha,IN,28.9167,78.4667,53.67,63,0,3.02,clear sky
683,Cocobeach,GA,1.0002,9.5823,80.24,79,100,5.1,overcast clouds
684,Tahoua,NE,14.8888,5.2692,85.98,8,0,6.91,clear sky
685,Villa Maria,AR,-32.4075,-63.2402,79.83,39,0,4.18,clear sky
686,Yar-Sale,RU,66.8333,70.8333,-9.9,93,100,8.95,overcast clouds
687,Normandin,CA,48.8333,-72.5321,-9.27,59,100,3.44,overcast clouds
688,Toamasina,MG,-18.1667,49.3833,78.8,89,75,2.3,broken clouds
689,Lodwar,KE,3.1191,35.5973,88.63,26,52,4.27,broken clouds
690,Monrovia,LR,6.3005,-10.7969,85.77,79,82,9.08,broken clouds
691,Asuncion Ocotlan,MX,16.7667,-96.7167,68.52,43,95,11.18,overcast clouds
692,Whitehorse,CA,60.7161,-135.0538,12.09,84,75,2.3,broken clouds
693,Markova,UA,48.6758,24.4138,24.39,81,3,6.04,clear sky
694,Shimoda,JP,34.6667,138.95,37.11,93,100,25.28,moderate rain
695,Ilebo,CD,-4.3167,20.5833,70.88,98,100,0.96,overcast clouds
696,Listowel,IE,52.4464,-9.485,45.72,83,20,8.48,few clouds
697,College,US,64.8569,-147.8028,11.21,82,100,0.0,mist
698,Halden,NO,59.1226,11.3871,43.92,97,100,13.2,light rain
699,Juegang,CN,32.3174,121.1855,37.9,82,0,6.69,clear sky
700,Lexington Park,US,38.2668,-76.4538,39.81,85,100,16.11,overcast clouds
701,Pozo Colorado,PY,-23.4923,-58.7972,98.74,25,67,5.08,broken clouds
702,Ler,SS,8.3018,30.1418,86.38,20,4,4.9,clear sky
703,Suluq,LY,31.6682,20.2521,55.04,72,0,6.58,clear sky
704,Namatanai,PG,-3.6667,152.4333,78.67,80,100,3.67,overcast clouds
705,San Juan,AR,-31.5375,-68.5364,85.87,23,0,5.88,clear sky
706,Comal,US,29.8169,-98.3003,61.29,27,0,3.0,clear sky
707,Aksarka,RU,66.5606,67.7975,-14.1,100,100,2.82,overcast clouds
708,Andra,RU,62.5147,65.8878,-11.4,100,98,1.83,overcast clouds
709,Zempoala,MX,19.45,-96.4167,68.92,41,34,19.1,scattered clouds
710,Rock Springs,US,41.5875,-109.2029,42.24,28,0,18.99,clear sky
711,General Pico,AR,-35.6566,-63.7568,79.9,24,0,10.49,clear sky
712,Berestechko,UA,50.3605,25.1107,32.0,60,56,8.3,broken clouds
713,Ossora,RU,59.2353,163.0719,-9.35,79,68,7.83,broken clouds
714,Yanam,IN,16.7333,82.2167,69.13,75,3,3.42,clear sky
715,Sakhipur,BD,24.3,90.1833,64.27,60,0,7.87,clear sky
716,Shieli,KZ,44.1667,66.75,34.25,74,100,8.14,overcast clouds
